{
    "minecraft:atmosphere_settings": {
        "format_version": "1.21.40",
        "horizon_blend_stops": {
            "min": 0.05,
            "max": 0.0,
            "start": 0.0,
            "mie_start": {
                "0.246314719067": 0.02,
                "0.250000000000": 1.0,
                "0.750000000000": 1.0,
                "0.753685280933": 0.02
            }
        },
        "rayleigh_strength": {
            "0.288407642458": 5.5,
            "0.341837139066": 11.0,
            "0.695601809493": 11.0,
            "0.711592357542": 0.0,
            "0.740606291634": 5.5
        },
        "sun_mie_strength": {
            "0.000000000000": 0.24,
            "0.191999925085": 1.2,
            "0.216588575000": 12.0,
            "0.233438272949": 24.0,
            "0.250652028132": 60.0,
            "0.749347971868": 60.0,
            "0.766561727051": 24.0,
            "0.783411425000": 12.0,
            "0.808000074915": 1.2,
            "1.000000000000": 0.24
        },
        "moon_mie_strength": 0.0,
        "sun_glare_shape": 20.0,
        "sky_zenith_color": {
            "0.000000000000": [101, 132, 148],
            "0.101374554813": [101, 133, 150],
            "0.216588575000": [113, 122, 110],
            "0.250000000000": [9, 29, 50],
            "0.281631868290": [8, 29, 51],
            "0.718368131710": [8, 29, 51],
            "0.750000000000": [9, 29, 50],
            "0.783411425000": [113, 122, 110],
            "0.898625445187": [101, 133, 150],
            "1.000000000000": [101, 132, 148]
        },
        "sky_horizon_color": {
            "0.000000000000": [55, 106, 145],
            "0.101374554813": [55, 107, 145],
            "0.216588575000": [76, 128, 159],
            "0.250000000000": [82, 104, 128],
            "0.281631868290": [1, 44, 96],
            "0.718368131710": [1, 44, 96],
            "0.750000000000": [82, 104, 128],
            "0.783411425000": [76, 128, 159],
            "0.898625445187": [55, 107, 145],
            "1.000000000000": [55, 106, 145]
        }
    }
}