{
    "minecraft:lighting_settings": {
        "format_version": "1.21.40",
        "directional_lights": {
            "sun": {
                "illuminance": {
                    "0.000000000000": 110000,
                    "0.101374554813": 51333,
                    "0.176060375033": 3664,
                    "0.216588575000": 1467,
                    "0.250000000000": 0,
                    "0.740606291634": 0,
                    "0.750000000000": 147,
                    "0.764429832269": 1760,
                    "0.751519433837": 7334,
                    "0.783411425000": 14667,
                    "0.823939624967": 44000,
                    "0.898625445187": 73333,
                    "1.000000000000": 110000
                },
                "color": {
                    "0.101374554813": [232.192, 195.328, 147.968, 255.0],
                    "0.176060375033": [208.896, 145.152, 92.416, 255.0],
                    "0.216588575000": [186.856, 94.976, 37.376, 255.0],
                    "0.237707747706": [255.000, 94.976, 24.832, 255.0],
                    "0.248480566163": [77.312, 19.968, 5.120, 255.0],
                    "0.259393708366": [133.120, 61.440, 71.680, 255.0],
                    "0.500000000000": [0.000, 0.000, 0.000, 0.0],
                    "0.740606291634": [133.120, 61.440, 71.680, 255.0],
                    "0.751519433837": [77.312, 19.968, 5.120, 255.0],
                    "0.762292252294": [255.000, 94.976, 24.832, 255.0],
                    "0.783411425000": [186.856, 94.976, 37.376, 255.0],
                    "0.823939624967": [208.896, 145.152, 92.416, 255.0],
                    "0.898625445187": [232.192, 195.328, 147.968, 255.0],
                    "1.000000000000": [255.000, 223.744, 167.168, 255.0]
                }
            },
            "moon": {
                "illuminance": 0.5,
                "color": [4.0, 19.0, 56.0, 255.0]
            },
            "orbital_offset_degrees": 45.0
        },
        "emissive": {
            "desaturation": 0.1
        }
    }
}