{
    "horizon_blend_stops": {
        "min": 0.05,
        "max": 0.0,
        "start": -0.2,
        "mie_start": {
            "0.246314719067": -1.0,
            "0.250000000000": -0.02,
            "0.750000000000": -0.02,
            "0.753685280933": -1.0
        }
    },
    "rayleigh_strength": {
        "0.288407642458": 1.0,
        "0.341837139066": 2.0,
        "0.695601809493": 2.0,
        "0.711592357542": 0.0,
        "0.740606291634": 1.0
    },
    "sun_mie_strength": {
        "0.000000000000": 0.1,
        "0.191999925085": 0.5,
        "0.216588575000": 10.0,
        "0.233438272949": 100.0,
        "0.250652028132": 2500.0,
        "0.749347971868": 2500.0,
        "0.766561727051": 100.0,
        "0.783411425000": 10.0,
        "0.808000074915": 0.5,
        "1.000000000000": 0.1
    },
    "moon_mie_strength": 0.0,
    "sun_glare_shape": 20.0,
    "sky_zenith_color": {
        "0.000000000000": [101, 132, 148],
        "0.101374554813": [101, 133, 150],
        "0.216588575000": [113, 122, 110],
        "0.250000000000": [9, 29, 50],
        "0.281631868290": [8, 29, 51],
        "0.718368131710": [8, 29, 51],
        "0.750000000000": [9, 29, 50],
        "0.783411425000": [113, 122, 110],
        "0.898625445187": [101, 133, 150],
        "1.000000000000": [101, 132, 148]
    },
    "sky_horizon_color": {
        "0.000000000000": [55, 106, 145],
        "0.101374554813": [55, 107, 145],
        "0.216588575000": [76, 128, 159],
        "0.250000000000": [82, 104, 128],
        "0.281631868290": [1, 44, 96],
        "0.718368131710": [1, 44, 96],
        "0.750000000000": [82, 104, 128],
        "0.783411425000": [76, 128, 159],
        "0.898625445187": [55, 107, 145],
        "1.000000000000": [55, 106, 145]
    }
}