{
    "format_version": [1,0,0],
    "directional_lights": {
        "sun": {
            "illuminance": {
                "0.240606291634": 0,
                "0.250000000000": 500,
                "0.264429832269": 6000,
                "0.251519433837": 25000,
                "0.283411425000": 50000,
                "0.323939624967": 150000,
                "0.398625445187": 250000,
                "0.500000000000": 375000,
                "0.601374554813": 175000,
                "0.676060375033": 12500,
                "0.716588575000": 5000,
                "0.750000000000": 0
            },
            "color": {
                "0.000000000000": [0.000, 0.000, 0.000, 0.0],
                "0.240606291634": [133.120, 61.440, 71.680, 255.0],
                "0.251519433837": [77.312, 19.968, 5.120, 255.0],
                "0.262292252294": [255.000, 94.976, 24.832, 255.0],
                "0.283411425000": [186.856, 94.976, 37.376, 255.0],
                "0.323939624967": [208.896, 145.152, 92.416, 255.0],
                "0.398625445187": [232.192, 195.328, 147.968, 255.0],
                "0.500000000000": [255.000, 223.744, 167.168, 255.0],
                "0.601374554813": [232.192, 195.328, 147.968, 255.0],
                "0.676060375033": [208.896, 145.152, 92.416, 255.0],
                "0.716588575000": [186.856, 94.976, 37.376, 255.0],
                "0.737707747706": [255.000, 94.976, 24.832, 255.0],
                "0.748480566163": [77.312, 19.968, 5.120, 255.0],
                "0.759393708366": [133.120, 61.440, 71.680, 255.0],
                "1.000000000000": [0.000, 0.000, 0.000, 0.0]
            }
        },
        "moon": {
            "illuminance": 0.5,
            "color": [4.0, 19.0, 56.0, 255.0]
        },
        "orbital_offset_degrees": 0.0
    },
    "pbr": {
        "blocks": { "global_metalness_emissive_roughness": "#0000ff" },
        "actors": { "global_metalness_emissive_roughness": "#0000ff" }
    }
}